Name,Price,brand,category,collection,saison
BLOUSE,25.90 TND,Zen,enfant,2024,hiver
ENSEMBLE,55.90 TND,Zen,enfant,2021,printemps
ROBE,39.90 TND,Zen,enfant,2021,hiver
ROBE,49.90 TND,Zen,enfant,2021,printemps
ROBE,59.90 TND,Zen,enfant,2025,automne
T SHIRT,25.90 TND,Zen,enfant,2022,automne
CHEMISE,39.90 TND,Zen,enfant,2025,automne
CHEMISE,27.93 TND  39.90 TND,Zen,enfant,2023,automne
JUPE,27.93 TND  39.90 TND,Zen,enfant,2024,printemps
ROBE,69.90 TND,Zen,enfant,2021,printemps
SANDALE,79.90 TND,Zen,enfant,2023,automne
T-SHIRT,25.90 TND,Zen,enfant,2025,automne
JUPE,39.90 TND,Zen,enfant,2023,hiver
SHORT,29.90 TND,Zen,enfant,2023,printemps
T SHIRT MANCHES LONGUES,27.93 TND  39.90 TND,Zen,enfant,2021,été
SHORT,25.90 TND,Zen,enfant,2025,été
CHEMISE,35.90 TND,Zen,enfant,2023,hiver
POLO,35.90 TND,Zen,enfant,2025,printemps
POLO,29.90 TND,Zen,enfant,2025,automne
POLO,25.90 TND,Zen,enfant,2024,automne
SHORT,45.90 TND,Zen,enfant,2023,hiver
MOCASSIN,41.94 TND  69.90 TND,Zen,enfant,2022,hiver
T SHIRT,29.90 TND,Zen,enfant,2025,printemps
T-SHIRT,29.90 TND,Zen,enfant,2021,été
T SHIRT MANCHES LONGUES,25.13 TND  35.90 TND,Zen,enfant,2023,printemps
T SHIRT MANCHES LONGUES,27.93 TND,Zen,enfant,2025,hiver
SWEAT SHIRT,34.93 TND  49.90 TND,Zen,enfant,2025,été
ROBE,46.13 TND  65.90 TND,Zen,enfant,2023,hiver
PULL OVER,34.93 TND,Zen,enfant,2025,hiver
JEAN WIDE LEG,65.90 TND,Zen,enfant,2022,hiver
PANTALON,48.93 TND  69.90 TND,Zen,enfant,2025,hiver
LEGGING,27.93 TND,Zen,enfant,2024,été
JUPE,32.13 TND  45.90 TND,Zen,enfant,2021,printemps
JUPE,27.93 TND,Zen,enfant,2023,automne
GILET,41.93 TND,Zen,enfant,2024,printemps
DEBARDEUR,34.93 TND  49.90 TND,Zen,enfant,2023,été
CHEMISE,39.13 TND,Zen,enfant,2023,printemps
CHEMISE,32.13 TND  45.90 TND,Zen,enfant,2025,hiver
CHEMISE,34.93 TND  49.90 TND,Zen,enfant,2025,printemps
CHEMISE,32.13 TND,Zen,enfant,2022,été
BLOUSE,49.90 TND,Zen,enfant,2023,hiver
BLOUSE,32.13 TND  45.90 TND,Zen,enfant,2024,automne
VESTE,48.93 TND,Zen,enfant,2024,automne
T SHIRT,27.93 TND  39.90 TND,Zen,enfant,2025,automne
SWEAT SHIRT,39.13 TND,Zen,enfant,2025,été
PANTALON,46.13 TND  65.90 TND,Zen,enfant,2021,été
JACKET,48.93 TND  69.90 TND,Zen,enfant,2025,été
VESTE,34.93 TND,Zen,enfant,2025,printemps
SALOPETTE,25.13 TND  35.90 TND,Zen,enfant,2022,hiver
JEAN,49.90 TND,Zen,enfant,2021,printemps
JUPE,25.13 TND  35.90 TND,Zen,enfant,2021,été
ENSEMBLE,46.13 TND,Zen,enfant,2024,été
T SHIRT MANCHES  LONGUES,20.93 TND  29.90 TND,Zen,enfant,2021,été
JUPE SHORT,25.13 TND  35.90 TND,Zen,enfant,2021,printemps
T SHIRT MANCHE,25.13 TND  35.90 TND,Zen,enfant,2025,hiver
JACKET,46.13 TND  65.90 TND,Zen,enfant,2025,automne
PANTALON,65.90 TND,Zen,enfant,2022,automne
SALOPETTE,27.93 TND  39.90 TND,Zen,enfant,2025,printemps
SAC,55.90 TND,Zen,enfant,2024,automne
ROBE,41.93 TND,Zen,enfant,2025,automne
PANTALON,32.13 TND  45.90 TND,Zen,enfant,2021,printemps
ROBE,25.13 TND  35.90 TND,Zen,enfant,2022,automne
T-SHIRT,25.13 TND,Zen,enfant,2021,été
CEINTURE,29.90 TND,Zen,enfant,2022,automne
LEGGING,35.90 TND,Zen,enfant,2023,printemps
ROBE,34.93 TND,Zen,enfant,2023,été
ROBE,32.13 TND  45.90 TND,Zen,enfant,2022,été
T SHIRT,39.90 TND,Zen,enfant,2024,automne
ROBE,41.93 TND  59.90 TND,Zen,enfant,2025,été
JEAN,48.93 TND,Zen,enfant,2022,automne
JEAN FLARE,69.90 TND,Zen,enfant,2024,hiver
T-SHIRT ML,27.93 TND,Zen,enfant,2024,été
JUPE JEANS,59.90 TND,Zen,enfant,2024,hiver
PANTALON,34.93 TND,Zen,enfant,2021,hiver
POLO,25.13 TND  35.90 TND,Zen,enfant,2022,hiver
BLOUSE,41.93 TND  59.90 TND,Zen,enfant,2025,hiver
SAC À BANDOULIÉRE,55.90 TND,Zen,enfant,2021,hiver
ROBE,39.13 TND,Zen,enfant,2024,printemps
JEAN WIDE LEG,59.90 TND,Zen,enfant,2023,automne
PULL OVER,34.93 TND  49.90 TND,Zen,enfant,2025,hiver
CHEMISE,27.93 TND,Zen,enfant,2023,automne
PANTALON,34.93 TND  49.90 TND,Zen,enfant,2025,printemps
SOUS PULL,20.93 TND,Zen,enfant,2022,hiver
BALLERINE,39.13 TND  55.90 TND,Zen,enfant,2022,hiver
SAC Ã BANDOULIERE,55.90 TND,Zen,enfant,2021,hiver
BASKET,99.90 TND,Zen,enfant,2025,printemps
T SHIRT,35.90 TND,Zen,enfant,2023,hiver
PULL OVER,41.93 TND  59.90 TND,Zen,enfant,2025,hiver
PANTALON,69.90 TND,Zen,enfant,2024,printemps
PULL,20.93 TND,Zen,enfant,2023,hiver
ENSEMBLE,41.93 TND  59.90 TND,Zen,enfant,2024,automne
PANTALON,59.90 TND,Zen,enfant,2022,printemps
ROBE,27.93 TND  39.90 TND,Zen,enfant,2024,hiver
JUPE,25.13 TND,Zen,enfant,2022,hiver
CARDIGANS,34.93 TND  49.90 TND,Zen,enfant,2024,été
ENSEMBLE,41.93 TND,Zen,enfant,2025,printemps
JACKET,27.93 TND  39.90 TND,Zen,enfant,2021,printemps
ROBE,34.93 TND  49.90 TND,Zen,enfant,2023,printemps
BASKET,129.90 TND,Zen,enfant,2025,hiver
CARDIGANS,32.13 TND  45.90 TND,Zen,enfant,2021,automne
CHEMISE,45.90 TND,Zen,enfant,2023,automne
ROBE,39.13 TND  55.90 TND,Zen,enfant,2021,printemps
BLOUSE,32.13 TND,Zen,enfant,2024,automne
T SHIRT MANCHES LONGUES,20.93 TND  29.90 TND,Zen,enfant,2022,été
POLO,32.13 TND  45.90 TND,Zen,enfant,2023,été
BASKET,119.90 TND,Zen,enfant,2023,hiver
PULL,20.93 TND  29.90 TND,Zen,enfant,2022,été
MOCASSIN,62.93 TND,Zen,enfant,2023,automne
BALLERINE,41.93 TND  59.90 TND,Zen,enfant,2025,été
BALLERINE,41.93 TND,Zen,enfant,2021,été
BALLERINE,32.13 TND  45.90 TND,Zen,enfant,2021,hiver
VESTE,41.93 TND  59.90 TND,Zen,enfant,2022,printemps
BASKETS,83.93 TND,Zen,enfant,2023,automne
BLOUSE,27.93 TND  39.90 TND,Zen,enfant,2023,été
VESTE,39.13 TND  55.90 TND,Zen,enfant,2022,automne
ENSEMBLE MAILLE,67.13 TND,Zen,enfant,2025,été
JACKET,41.93 TND  59.90 TND,Zen,enfant,2023,automne
SWEAT SHIRT,32.13 TND  45.90 TND,Zen,enfant,2021,automne
T-SHIRT MANCHES LONGUES,20.93 TND  29.90 TND,Zen,enfant,2023,hiver
TSHIRT MANCHES LONGUES,20.93 TND  29.90 TND,Zen,enfant,2025,hiver
LEGGING,34.93 TND  49.90 TND,Zen,enfant,2022,été
SALOPETTE,32.13 TND  45.90 TND,Zen,enfant,2023,hiver
PANTALON  JEANS,59.90 TND,Zen,enfant,2021,printemps
JEAN BAGGY,41.93 TND  59.90 TND,Zen,enfant,2021,printemps
VESTE,55.93 TND,Zen,enfant,2022,printemps
T SHIRT MANCHE,20.93 TND  29.90 TND,Zen,enfant,2023,hiver
SAC À BANDOULIERE,55.90 TND,Zen,enfant,2022,été
PANTALON,20.93 TND  29.90 TND,Zen,enfant,2022,automne
JACKET,32.13 TND,Zen,enfant,2022,été
JACKET,32.13 TND  45.90 TND,Zen,enfant,2024,hiver
BOLERO,32.13 TND  45.90 TND,Zen,enfant,2025,printemps
BLOUSE,39.90 TND,Zen,enfant,2024,été
JOGGER,34.93 TND  49.90 TND,Zen,enfant,2022,été
GILET,27.93 TND,Zen,enfant,2025,été
CHEMISE,41.93 TND  59.90 TND,Zen,enfant,2021,été
CHEMISE,59.90 TND,Zen,enfant,2021,printemps
T SHIRT MANCHES LONGUES,20.93 TND,Zen,enfant,2022,automne
SUR CHEMISE,39.13 TND  55.90 TND,Zen,enfant,2022,printemps
POLO,27.93 TND  39.90 TND,Zen,enfant,2021,hiver
POLO,32.13 TND,Zen,enfant,2021,printemps
T SHIRT MANCHE,32.13 TND  45.90 TND,Zen,enfant,2025,automne
LEGGING,39.13 TND,Zen,enfant,2022,été
GILET,39.13 TND  55.90 TND,Zen,enfant,2025,automne
GILET,32.13 TND  45.90 TND,Zen,enfant,2021,été
BLOUSE,27.93 TND,Zen,enfant,2024,printemps
MOCASSIN,48.93 TND  69.90 TND,Zen,enfant,2021,printemps
ENSEMBLE,69.93 TND  99.90 TND,Zen,enfant,2022,hiver
LEGGING,27.93 TND  39.90 TND,Zen,enfant,2025,printemps
ENSEMBLE,55.93 TND,Zen,enfant,2021,automne
DEBARDEUR,32.13 TND  45.90 TND,Zen,enfant,2025,automne
T SHIRT MANCHE,27.93 TND,Zen,enfant,2023,printemps
LEGGING,25.13 TND,Zen,enfant,2025,été
DEBARDEUR,27.93 TND,Zen,enfant,2022,été
BLOUSE,25.13 TND  35.90 TND,Zen,enfant,2024,été
CARDIGAN,32.13 TND  45.90 TND,Zen,enfant,2022,printemps
T-SHIRT ML,25.13 TND,Zen,enfant,2022,automne
POLO,27.93 TND,Zen,enfant,2024,été
BASKET,76.93 TND,Zen,enfant,2023,hiver
BASKET,69.93 TND  99.90 TND,Zen,enfant,2021,été
T SHIRT MANCHE,27.93 TND  39.90 TND,Zen,enfant,2022,automne
T-SHIRT MANCHES LONGUES,25.13 TND  35.90 TND,Zen,enfant,2023,été
JEAN FLARE,41.93 TND,Zen,enfant,2024,automne
BOLERO,27.93 TND,Zen,enfant,2025,hiver
SWEAT SHIRT,27.93 TND  39.90 TND,Zen,enfant,2021,hiver
VESTE,46.13 TND,Zen,enfant,2021,printemps
PULL,27.93 TND  39.90 TND,Zen,enfant,2023,automne
PANTALON CARGO,55.93 TND  79.90 TND,Zen,enfant,2022,été
CHEMISE,39.13 TND  55.90 TND,Zen,enfant,2025,été
SUR CHEMISE,46.13 TND  65.90 TND,Zen,enfant,2022,été
PANTALON,48.93 TND,Zen,enfant,2024,hiver
VESTE,48.93 TND  69.90 TND,Zen,enfant,2021,hiver
JEAN WIDE LEG,41.93 TND,Zen,enfant,2022,été
PANTALON,46.13 TND,Zen,enfant,2025,hiver
JEANS PANT,48.93 TND  69.90 TND,Zen,enfant,2025,automne
JEAN,46.13 TND,Zen,enfant,2021,printemps
JOGGER,27.93 TND  39.90 TND,Zen,enfant,2023,été
JOGGER,25.13 TND,Zen,enfant,2024,hiver
SWEAT SHIRT,39.13 TND  55.90 TND,Zen,enfant,2025,hiver
JOGGER,27.93 TND,Zen,enfant,2024,printemps
JOGGER,25.13 TND  35.90 TND,Zen,enfant,2025,printemps
SWEAT SHIRT,32.13 TND,Zen,enfant,2021,été
SWEAT SHIRT,25.13 TND  35.90 TND,Zen,enfant,2021,été
JOGGER,34.93 TND,Zen,enfant,2022,printemps
JEAN,48.93 TND  69.90 TND,Zen,enfant,2023,printemps
SWEAT SHIRT,25.13 TND,Zen,enfant,2021,été
SWET,27.93 TND  39.90 TND,Zen,enfant,2025,hiver
SOUS PULL,20.93 TND  29.90 TND,Zen,enfant,2024,été
CALEÇON,18.13 TND  25.90 TND,Zen,enfant,2022,hiver
JOGGER,32.13 TND  45.90 TND,Zen,enfant,2023,printemps
CARDIGANS,41.93 TND  59.90 TND,Zen,enfant,2023,automne
LOT DE 3 CHAUSSETTES,15.90 TND,Zen,enfant,2022,hiver
SURCHEMISE,39.13 TND  55.90 TND,Zen,enfant,2021,automne
SUR CHEMISE,41.93 TND,Zen,enfant,2021,automne
CHEMISE,46.13 TND  65.90 TND,Zen,enfant,2022,été
JEAN CARGO,55.93 TND,Zen,enfant,2023,automne
VESTE,60.13 TND  85.90 TND,Zen,enfant,2025,automne
PANTALON WIDE LEG,48.93 TND  69.90 TND,Zen,enfant,2024,hiver
CHEMISE,55.93 TND,Zen,enfant,2025,hiver
CHEMISE,48.93 TND  69.90 TND,Zen,enfant,2025,automne
LEGGING,20.93 TND,Zen,enfant,2022,été
VESTE,53.13 TND  75.90 TND,Zen,enfant,2025,printemps
VESTE,46.13 TND  65.90 TND,Zen,enfant,2021,été
JOGGER,20.93 TND,Zen,enfant,2025,automne
SWEAT,32.13 TND  45.90 TND,Zen,enfant,2025,automne
PARKA,90.93 TND  129.90 TND,Zen,enfant,2021,hiver
VESTE,62.93 TND,Zen,enfant,2023,printemps
PULL -OVER,34.93 TND  49.90 TND,Zen,enfant,2021,automne
JOGGER,18.13 TND  25.90 TND,Zen,enfant,2021,été
PULLOVER,34.93 TND  49.90 TND,Zen,enfant,2021,été
JOGGER,32.13 TND,Zen,enfant,2023,été
PULL OVER,32.13 TND  45.90 TND,Zen,enfant,2024,printemps
CARDIGANS,41.93 TND,Zen,enfant,2024,hiver
JOGGER,41.93 TND  59.90 TND,Zen,enfant,2021,été
JEAN CARGO,48.93 TND,Zen,enfant,2025,hiver
JEAN CARGO,48.93 TND  69.90 TND,Zen,enfant,2024,hiver
CHEMISE,34.93 TND,Zen,enfant,2024,printemps
PANTALON,39.13 TND  55.90 TND,Zen,enfant,2021,été
PANTALON,41.93 TND,Zen,enfant,2025,hiver
JEAN WIDE LEG,48.93 TND  69.90 TND,Zen,enfant,2023,automne
VESTE,41.93 TND,Zen,enfant,2022,été
PANTOUFLE,39.90 TND,Zen,enfant,2021,hiver
SUR CHEMISE,46.13 TND,Zen,enfant,2022,été
T SHIRT MANCHE,20.93 TND,Zen,enfant,2025,printemps
SHORT,20.93 TND  29.90 TND,Zen,enfant,2025,automne
JUPE MAILLE,39.13 TND,Zen,enfant,2021,automne
SUR CHEMISE,48.93 TND  69.90 TND,Zen,enfant,2024,hiver
PANTALON,41.93 TND  59.90 TND,Zen,enfant,2021,été
SALOPETTE,32.13 TND,Zen,enfant,2023,printemps
SHORT,25.13 TND  35.90 TND,Zen,enfant,2024,hiver
SWEAT SHIRT,27.93 TND,Zen,enfant,2025,été
DÉBARDEUR,34.93 TND,Zen,enfant,2024,hiver
PULL OVER,41.93 TND,Zen,enfant,2022,printemps
PULL-OVER,34.93 TND  49.90 TND,Zen,enfant,2023,automne
T SHIRT MANCHE,18.13 TND  25.90 TND,Zen,enfant,2024,printemps
T-SHIRT ML,20.93 TND,Zen,enfant,2025,printemps
SWEAT,39.13 TND  55.90 TND,Zen,enfant,2022,automne
DOUDOUNE,55.93 TND,Zen,enfant,2023,été
PANTOUFLE,45.90 TND,Zen,enfant,2022,printemps
CHEMISE,41.93 TND,Zen,enfant,2022,été
DOUDOUNE,90.93 TND,Zen,enfant,2022,printemps
DÉBARDEUR,32.13 TND  45.90 TND,Zen,enfant,2022,printemps
PANTALON MAILLE,34.93 TND,Zen,enfant,2021,hiver
DOUDOUNE,97.93 TND  139.90 TND,Zen,enfant,2021,été
JACKET,41.93 TND,Zen,enfant,2023,automne
CARDIGAN ' GILET ',32.13 TND  45.90 TND,Zen,enfant,2023,automne
CARDIGON,32.13 TND  45.90 TND,Zen,enfant,2023,hiver
CARDIGAN,32.13 TND,Zen,enfant,2021,été
T-SHIRT ML,25.13 TND  35.90 TND,Zen,enfant,2024,automne
ENSEMBLE PYJAMA,25.13 TND  35.90 TND,Zen,enfant,2022,automne
ENSEMBLE,25.13 TND  35.90 TND,Zen,enfant,2022,hiver
JUPE,32.13 TND,Zen,enfant,2024,hiver
SOUS PULL,18.13 TND  25.90 TND,Zen,enfant,2022,été
CALEÇON,13.93 TND,Zen,enfant,2024,automne
T-SHIRTML,25.13 TND  35.90 TND,Zen,enfant,2022,automne
BASKET,77.94 TND,Zen,enfant,2024,automne
T-SHIRT ML,35.90 TND,Zen,enfant,2021,hiver
JEANS,41.93 TND,Zen,enfant,2024,hiver
SALOPETTE,20.93 TND  29.90 TND,Zen,enfant,2024,automne
JOGER,20.93 TND  29.90 TND,Zen,enfant,2023,été
SWEAT SHIRT,34.93 TND,Zen,enfant,2025,automne
PULL,25.13 TND  35.90 TND,Zen,enfant,2021,automne
BASKET,71.94 TND  119.90 TND,Zen,enfant,2024,été
BASKET,83.93 TND  119.90 TND,Zen,enfant,2021,automne
BASKET,65.94 TND,Zen,enfant,2024,hiver
CHEMISE,25.13 TND  35.90 TND,Zen,enfant,2021,été
POLO,25.13 TND,Zen,enfant,2021,automne
VESTE,55.93 TND  79.90 TND,Zen,enfant,2025,printemps
LEGGING,32.13 TND  45.90 TND,Zen,enfant,2022,automne
BRASSIERE,25.90 TND,Zen,enfant,2024,hiver
T-SHIRT,20.93 TND,Zen,enfant,2021,hiver
POLO,20.93 TND  29.90 TND,Zen,enfant,2023,printemps
T SHIRT,29.50 TND,Zen,enfant,2023,automne
T-SHIRT,20.93 TND  29.90 TND,Zen,enfant,2021,printemps
T SHIRT,20.93 TND  29.90 TND,Zen,enfant,2024,printemps
T SHIRT,20.93 TND,Zen,enfant,2024,été
BASKET,54.95 TND,Zen,enfant,2022,été
BLOUSE,29.90 TND,Zen,enfant,2021,automne
SHORT,49.90 TND,Zen,enfant,2023,été
PANTALON FLARE,41.93 TND  59.90 TND,Zen,enfant,2021,hiver
CALSON,11.13 TND,Zen,enfant,2025,automne
PARFUM,35.90 TND,Zen,enfant,2022,printemps
ENSEMBLE,59.90 TND,Zen,enfant,2024,printemps
JEAN WIDE,41.93 TND  59.90 TND,Zen,enfant,2023,automne
JUPE,49.90 TND,Zen,enfant,2023,automne
CHOU CHOU,5.90 TND,Zen,enfant,2025,hiver
CALCON,19.90 TND,Zen,enfant,2025,printemps
ENSEMBLE,45.90 TND,Zen,enfant,2025,printemps
DEBARDEUR,19.90 TND,Zen,enfant,2024,automne
CHEMISE,55.90 TND,Zen,enfant,2023,printemps
ENSEMBLE,49.90 TND,Zen,enfant,2021,printemps
ROBE,25.90 TND,Zen,enfant,2023,été
BERMUDA,55.90 TND,Zen,enfant,2025,automne
ROBE,45.90 TND,Zen,enfant,2025,automne
ROBE,55.90 TND,Zen,enfant,2023,printemps
COMBISHORT,45.90 TND,Zen,enfant,2024,été
ENSEMBLE,35.90 TND,Zen,enfant,2021,automne
SAC À BANDOULIÈRE,49.90 TND,Zen,enfant,2023,printemps
MAILLOT DE BAIN,45.90 TND,Zen,enfant,2023,printemps
SHORT,39.90 TND,Zen,enfant,2021,printemps
BALLERINE,34.93 TND  49.90 TND,Zen,enfant,2025,automne
MAILLOT DE BAIN 'TRIKINI',49.90 TND,Zen,enfant,2022,automne
T SHIRT,19.90 TND,Zen,enfant,2023,hiver
TOP,19.90 TND,Zen,enfant,2022,automne
BIKINI,49.90 TND,Zen,enfant,2022,hiver
CASQUETTE,29.90 TND,Zen,enfant,2025,printemps
DEBARDEUR,15.90 TND,Zen,enfant,2025,hiver
BEBARDEUR,19.90 TND,Zen,enfant,2021,printemps
DEBARDEUR,25.90 TND,Zen,enfant,2024,hiver
BERMUDA,35.90 TND,Zen,enfant,2024,automne
CHEMISE,49.90 TND,Zen,enfant,2025,automne
CASQUETTE,25.90 TND,Zen,enfant,2021,automne
CALEÇON,15.90 TND,Zen,enfant,2022,été
CHEMISE,29.90 TND,Zen,enfant,2021,hiver
BLOUSE,35.90 TND,Zen,enfant,2023,été
ROBE,29.90 TND,Zen,enfant,2021,automne
TONGS,39.90 TND,Zen,enfant,2024,été
ROBE À CARREAUX BÉBÉ FILLE,49.90 TND,Zen,enfant,2025,automne
ENSEMBLE,69.90 TND,Zen,enfant,2025,hiver
SANDALE,69.90 TND,Zen,enfant,2022,hiver
CLAQUETTES,35.90 TND,Zen,enfant,2025,été
TONGS,35.90 TND,Zen,enfant,2021,printemps
JUPE,45.90 TND,Zen,enfant,2022,été
T SHIRT ' BRATZ',29.90 TND,Zen,enfant,2023,printemps
JUPE,59.90 TND,Zen,enfant,2025,été
CALCON,15.90 TND,Zen,enfant,2021,automne
ENSEMBLE,79.90 TND,Zen,enfant,2023,hiver
COMBINAISON,75.90 TND,Zen,enfant,2021,été
VESTE,39.13 TND,Zen,enfant,2021,automne
BERMUDA,49.90 TND,Zen,enfant,2024,hiver
SHORT,35.90 TND,Zen,enfant,2022,printemps
BLOUSON,48.93 TND,Zen,enfant,2022,printemps
GILET,34.93 TND  49.90 TND,Zen,enfant,2021,hiver
JUPE,34.93 TND  49.90 TND,Zen,enfant,2024,automne
BLOUSE,39.13 TND  55.90 TND,Zen,enfant,2025,hiver
SALOPETTE,27.93 TND,Zen,enfant,2025,hiver
T  SHIRT,29.90 TND,Zen,enfant,2024,hiver
T SHIRT,18.13 TND,Zen,enfant,2022,hiver
CARDIGAN,27.93 TND  39.90 TND,Zen,enfant,2022,printemps
BLOUSE,34.93 TND  49.90 TND,Zen,enfant,2024,été
SAC À BANDOULIÈRE,45.90 TND,Zen,enfant,2021,hiver
CARDIGAN,34.93 TND,Zen,enfant,2025,automne
ENSEMBLE,39.13 TND  55.90 TND,Zen,enfant,2022,hiver
GILET,41.93 TND  59.90 TND,Zen,enfant,2024,été
CARDIGAN ' GILET ',27.93 TND  39.90 TND,Zen,enfant,2025,été
JEAN,41.93 TND,Zen,enfant,2025,printemps
LOT DE 3 CHAUSSETTES,12.90 TND,Zen,enfant,2025,hiver
CHAUSSETTES LOT DE 3,12.90 TND,Zen,enfant,2024,printemps
SAC A MAIN,34.93 TND,Zen,enfant,2023,hiver
PULL,25.13 TND,Zen,enfant,2021,été
JUPE EN DENIM,45.90 TND,Zen,enfant,2023,automne
ROBE,32.13 TND,Zen,enfant,2025,hiver
DEBARDEUR,27.93 TND  39.90 TND,Zen,enfant,2021,hiver
BLOUSE,45.90 TND,Zen,enfant,2022,été
PANTALON MOM FIT,34.93 TND  49.90 TND,Zen,enfant,2021,automne
JEAN,53.13 TND  75.90 TND,Zen,enfant,2021,automne
JEAN,46.13 TND  65.90 TND,Zen,enfant,2024,automne
JEAN WIDE LEG POUR FILLETTE,48.93 TND,Zen,enfant,2025,automne
SAC A MAIN,49.90 TND,Zen,enfant,2024,été
TENNIS À LACETS,44.95 TND  89.90 TND,Zen,enfant,2022,printemps
VESTE DENIM,55.93 TND  79.90 TND,Zen,enfant,2022,automne
SWEAT,48.93 TND,Zen,enfant,2021,automne
T SHIRT MANCHE,25.13 TND,Zen,enfant,2022,automne
JACKET,55.93 TND  79.90 TND,Zen,enfant,2022,automne
JEAN WIDE LEG,48.93 TND,Zen,enfant,2022,été
JEAN BOYFRIEND,41.93 TND  59.90 TND,Zen,enfant,2025,printemps
CHAUSSETTES LOT DE 5,19.90 TND,Zen,enfant,2023,automne
TRICOT DE CORPS,9.90 TND,Zen,enfant,2021,automne
ROBE,48.93 TND  69.90 TND,Zen,enfant,2024,automne
JUPE,20.93 TND,Zen,enfant,2022,printemps
JUPE,20.93 TND  29.90 TND,Zen,enfant,2022,été
PANTALON,27.93 TND  39.90 TND,Zen,enfant,2022,hiver
DOUDOUNE BÉBÉ FILLE,83.93 TND  119.90 TND,Zen,enfant,2022,printemps
CREEKS,44.95 TND  89.90 TND,Zen,enfant,2022,hiver
GILET MAILLE BÉBÉ FILLE,32.13 TND  45.90 TND,Zen,enfant,2025,été
CHEMISE,48.93 TND,Zen,enfant,2022,hiver
PULL FILLETTE,29.90 TND,Zen,enfant,2024,été
JEAN POUR FILLE,41.93 TND,Zen,enfant,2025,automne
T SHIRT,25.13 TND  35.90 TND,Zen,enfant,2022,été
CRAVATE,4.13 TND  5.90 TND,Zen,enfant,2023,printemps
PANTALON CHINO,41.93 TND  59.90 TND,Zen,enfant,2025,été
ENSEMBLE,48.93 TND  69.90 TND,Zen,enfant,2022,été
PACK BOXERS,25.90 TND,Zen,enfant,2025,automne
PULL AVEC MOTIF IMPRIMÉ,18.13 TND,Zen,enfant,2024,hiver
GILET,69.90 TND,Zen,femme,2023,printemps
ROBE,99.90 TND,Zen,femme,2025,printemps
ROBE,79.90 TND,Zen,femme,2024,été
T SHIRT,45.90 TND,Zen,femme,2021,été
T SHIRT,59.90 TND,Zen,femme,2025,automne
BERMUDA JEANS,69.90 TND,Zen,femme,2021,hiver
CHEMISE,79.90 TND,Zen,femme,2023,automne
PANTALON,89.90 TND,Zen,femme,2025,été
ROBE,89.90 TND,Zen,femme,2024,été
TOP,25.90 TND,Zen,femme,2023,hiver
ROBE,83.93 TND  119.90 TND,Zen,femme,2024,hiver
ROBE,109.90 TND,Zen,femme,2024,été
CHEMISE,55.93 TND  79.90 TND,Zen,femme,2022,hiver
T SHIRT MANCHES LONGUES,41.93 TND  59.90 TND,Zen,femme,2021,automne
JUPE,55.90 TND,Zen,femme,2021,été
DJELEBBA,69.93 TND  99.90 TND,Zen,femme,2022,été
VESTE,62.93 TND  89.90 TND,Zen,femme,2024,hiver
JUPE,41.93 TND,Zen,femme,2024,été
PULL OVER,46.13 TND  65.90 TND,Zen,femme,2024,printemps
JEAN SURFER,89.90 TND,Zen,femme,2025,automne
LIQUETTE,79.90 TND,Zen,femme,2021,printemps
JACKET,59.90 TND,Zen,femme,2023,été
T SHIRT,49.90 TND,Zen,femme,2022,été
JACKET MAILLE,46.13 TND  65.90 TND,Zen,femme,2023,automne
CHEMISE,69.90 TND,Zen,femme,2022,automne
JEAN STRAIGHT,79.90 TND,Zen,femme,2023,été
BASKET,139.90 TND,Zen,femme,2021,printemps
JUPE,79.90 TND,Zen,femme,2022,hiver
ABAYA,62.93 TND  89.90 TND,Zen,femme,2022,été
KIMONO,76.93 TND,Zen,femme,2025,automne
ROBE,69.93 TND,Zen,femme,2024,printemps
BASKETS,129.90 TND,Zen,femme,2025,automne
BASKETS,90.93 TND  129.90 TND,Zen,femme,2021,été
SWEAT SHIRT,48.93 TND  69.90 TND,Zen,femme,2022,été
ROBE,76.93 TND  109.90 TND,Zen,femme,2023,printemps
GILET,62.93 TND  89.90 TND,Zen,femme,2024,printemps
SWEAT SHIRT,48.93 TND,Zen,femme,2025,hiver
PANTALON,62.93 TND  89.90 TND,Zen,femme,2023,hiver
PANTALON JEANS,79.90 TND,Zen,femme,2023,printemps
PANTAKLON,34.93 TND,Zen,femme,2023,printemps
LEGGING,41.93 TND  59.90 TND,Zen,femme,2021,hiver
TUNIQUE,55.93 TND  79.90 TND,Zen,femme,2025,hiver
PANTALON,79.90 TND,Zen,femme,2023,printemps
GILLET,59.90 TND,Zen,femme,2021,été
JEAN MOM FIT,79.90 TND,Zen,femme,2025,printemps
ROBE,62.93 TND,Zen,femme,2022,été
PANTALON JEANS,89.90 TND,Zen,femme,2025,automne
JEAN BALLOON,89.90 TND,Zen,femme,2025,été
JEAN SKINNY,55.93 TND  79.90 TND,Zen,femme,2021,été
MOCASSIN,76.93 TND  109.90 TND,Zen,femme,2022,automne
PULL,41.93 TND,Zen,femme,2021,automne
T SHIRT,41.93 TND  59.90 TND,Zen,femme,2021,printemps
MOCASSIN,76.93 TND,Zen,femme,2025,automne
T SHIRT MANCHE,41.93 TND  59.90 TND,Zen,femme,2022,hiver
PULL OVER,48.93 TND,Zen,femme,2024,été
PULL OVER,48.93 TND  69.90 TND,Zen,femme,2025,été
T SHIRT,69.90 TND,Zen,femme,2025,hiver
JOGGER,48.93 TND,Zen,femme,2022,printemps
ROBE,55.93 TND,Zen,femme,2021,automne
PANTALON WIDE LEG,79.90 TND,Zen,femme,2023,hiver
BLOUSE,41.93 TND,Zen,femme,2025,automne
JEAN FLARE,62.93 TND,Zen,femme,2021,automne
JEAN,55.93 TND  79.90 TND,Zen,femme,2022,automne
ROBE,55.93 TND  79.90 TND,Zen,femme,2025,été
PARFUM,45.90 TND,Zen,femme,2022,hiver
JEAN,62.93 TND,Zen,femme,2024,été
CARDIGAN,48.93 TND  69.90 TND,Zen,femme,2024,hiver
JUPE SHORT,34.93 TND,Zen,femme,2021,printemps
BOTTINE A TALON,97.93 TND  139.90 TND,Zen,femme,2023,automne
PULL,27.93 TND,Zen,femme,2025,automne
PULL,39.13 TND  55.90 TND,Zen,femme,2023,hiver
SWEAT SHIRT,41.93 TND  59.90 TND,Zen,femme,2022,automne
TRENCH-COAT,83.93 TND  119.90 TND,Zen,femme,2022,printemps
SUR CHEMISE,69.93 TND,Zen,femme,2024,hiver
PANTALON,55.93 TND  79.90 TND,Zen,femme,2024,été
JEANS CARPENTER,62.93 TND,Zen,femme,2025,printemps
ECHARPPE,34.93 TND  49.90 TND,Zen,femme,2025,automne
SWEAT SHIRT,41.93 TND,Zen,femme,2023,été
SURCHEMISE,55.93 TND  79.90 TND,Zen,femme,2024,printemps
JEAN,62.93 TND  89.90 TND,Zen,femme,2024,hiver
JOGGER,48.93 TND  69.90 TND,Zen,femme,2021,automne
VESTE,97.93 TND  139.90 TND,Zen,femme,2025,été
LEGGING,48.93 TND,Zen,femme,2021,hiver
BALLERINE,62.93 TND,Zen,femme,2023,été
BASKET,83.94 TND  139.90 TND,Zen,femme,2023,hiver
JOGGER,41.93 TND,Zen,femme,2022,printemps
DOUDOUNE,111.93 TND  159.90 TND,Zen,femme,2023,printemps
PANTALON SKINNY,55.93 TND,Zen,femme,2025,été
JUPE,48.93 TND  69.90 TND,Zen,femme,2024,été
SAC A MAIN,89.90 TND,Zen,femme,2025,printemps
JUPE,41.93 TND  59.90 TND,Zen,femme,2021,automne
PULL,48.93 TND  69.90 TND,Zen,femme,2022,hiver
SUR CHEMISE,55.93 TND  79.90 TND,Zen,femme,2021,été
SUR CHEMISE,55.93 TND,Zen,femme,2021,printemps
PANTALON,62.93 TND,Zen,femme,2022,été
JEAN MOM FIT,62.93 TND  89.90 TND,Zen,femme,2024,automne
PANTALON LARGE,34.93 TND  49.90 TND,Zen,femme,2022,printemps
TUNIQUE,25.90 TND,Zen,femme,2022,automne
VESTE,76.93 TND  109.90 TND,Zen,femme,2025,été
CARDIGAN,48.93 TND,Zen,femme,2022,été
LIQUETTE,55.93 TND  79.90 TND,Zen,femme,2022,printemps
ROBE TUNIQUE,55.93 TND  79.90 TND,Zen,femme,2025,hiver
PANTALON FLARE,55.93 TND,Zen,femme,2023,printemps
PANTALON,55.93 TND,Zen,femme,2024,hiver
BALLERINE,62.93 TND  89.90 TND,Zen,femme,2023,hiver
LIQUETTE,62.93 TND,Zen,femme,2024,été
VESTE,83.93 TND  119.90 TND,Zen,femme,2023,hiver
CHEMISE,89.90 TND,Zen,femme,2021,printemps
TUNIQUE,48.93 TND,Zen,femme,2025,automne
PANTALON MOM FIT,55.93 TND  79.90 TND,Zen,femme,2023,automne
PANTALON WIDE,62.93 TND  89.90 TND,Zen,femme,2024,printemps
PULL,32.13 TND  45.90 TND,Zen,femme,2025,hiver
PULL,32.13 TND,Zen,femme,2024,printemps
PANTALON JEANS,55.93 TND  79.90 TND,Zen,femme,2022,hiver
JEANS MOM FIT,48.93 TND,Zen,femme,2023,automne
JEAN SLIM FIT,55.93 TND,Zen,femme,2023,été
ROBE JEAN,79.90 TND,Zen,femme,2025,automne
JEAN FLARE FIT,62.93 TND  89.90 TND,Zen,femme,2023,automne
JEAN CARGO,62.93 TND  89.90 TND,Zen,femme,2022,hiver
JEAN CARGO,69.93 TND,Zen,femme,2024,hiver
PANTALON CARGO,62.93 TND  89.90 TND,Zen,femme,2023,été
ROBE,119.90 TND,Zen,femme,2024,été
JEAN MOM FIT,55.93 TND  79.90 TND,Zen,femme,2021,printemps
BLOUSE,39.13 TND,Zen,femme,2022,automne
COMBINAISON,109.90 TND,Zen,femme,2024,printemps
PANTALON PYJAMA,25.13 TND  35.90 TND,Zen,femme,2024,automne
T SHIRT PYJAMA,18.13 TND,Zen,femme,2025,été
JEAN WIDE LEG,62.93 TND  89.90 TND,Zen,femme,2022,printemps
JEAN CARGO,55.93 TND  79.90 TND,Zen,femme,2022,été
CHEMISE,62.93 TND,Zen,femme,2021,hiver
JEAN FLARE,62.93 TND  89.90 TND,Zen,femme,2022,printemps
GILLET,69.90 TND,Zen,femme,2024,hiver
DJELLABA,99.90 TND,Zen,femme,2025,automne
COMBINAISON,89.90 TND,Zen,femme,2024,été
ROBE,149.90 TND,Zen,femme,2021,hiver
PANTACOURT,29.90 TND,Zen,femme,2021,printemps
CROP TOP,25.90 TND,Zen,femme,2021,hiver
TOP,29.90 TND,Zen,femme,2022,printemps
TOP DÉBARDEUR,20.93 TND  29.90 TND,Zen,femme,2023,printemps
T SHIRT PYJAMA,35.90 TND,Zen,femme,2023,automne
COMBINAISON,69.90 TND,Zen,femme,2022,été
DJELLABA,89.90 TND,Zen,femme,2022,automne
COMBINAISON,99.90 TND,Zen,femme,2024,automne
LIQUETTE,48.93 TND  69.90 TND,Zen,femme,2023,automne
LIQUETTE,55.93 TND,Zen,femme,2023,printemps
DJELLABA,62.93 TND  89.90 TND,Zen,femme,2024,hiver
JEANS MOM FIT,55.93 TND,Zen,femme,2024,été
GILET,59.90 TND,Zen,femme,2022,printemps
MAILLOT DE BAIN,99.90 TND,Zen,femme,2023,été
CHEMISE,76.93 TND,Zen,femme,2022,hiver
CHAPEAU,49.90 TND,Zen,femme,2024,été
PANTALON LARGE FLUIDE,69.90 TND,Zen,femme,2022,hiver
PANTALON FLUIDE,48.93 TND  69.90 TND,Zen,femme,2022,automne
ROBE LONGUE,59.90 TND,Zen,femme,2023,été
JEAN CARGO,62.93 TND,Zen,femme,2024,été
VESTE,76.93 TND,Zen,femme,2023,hiver
LIQUETTE FEMME,62.93 TND  89.90 TND,Zen,femme,2023,automne
BUSTIER,15.90 TND,Zen,femme,2021,automne
JEAN SLIM MOM FIT,48.93 TND  69.90 TND,Zen,femme,2022,automne
PANTALON SKINNY,48.93 TND,Zen,femme,2023,automne
GILET,89.90 TND,Zen,femme,2022,hiver
PANTALON FLARE,62.93 TND  89.90 TND,Zen,femme,2021,hiver
GILET,99.90 TND,Zen,femme,2024,printemps
PANTALON MOM,48.93 TND,Zen,femme,2024,automne
MULE,79.90 TND,Zen,femme,2021,été
CHEMISE,53.13 TND  75.90 TND,Zen,femme,2022,printemps
CHEMISE,69.93 TND  99.90 TND,Zen,femme,2022,été
PULL PYJAMA,27.93 TND  39.90 TND,Zen,femme,2025,printemps
TOP,39.90 TND,Zen,femme,2022,été
CHAUSSETTES,5.90 TND,Zen,femme,2023,printemps
ROBE CHEMISE LONGUE,129.90 TND,Zen,femme,2022,printemps
T-SHIRT,41.93 TND,Zen,femme,2024,printemps
CHEMISE,99.90 TND,Zen,femme,2022,été
CHEMISE IMPRIMÉE,99.90 TND,Zen,femme,2023,automne
GILET,48.93 TND  69.90 TND,Zen,femme,2024,printemps
JEAN SKINNY,55.93 TND,Zen,femme,2021,printemps
PANTALON,69.93 TND  99.90 TND,Zen,femme,2024,printemps
TUNIQUE,39.13 TND  55.90 TND,Zen,femme,2021,été
PULL,39.13 TND,Zen,femme,2024,été
CROP TOP À FRONCES FEMME,25.13 TND  35.90 TND,Zen,femme,2024,hiver
PANTALON CARGO LARGE FEMME,48.93 TND,Zen,femme,2024,automne
PULL BASIQUE DEMI MANCHES,32.13 TND  45.90 TND,Zen,femme,2021,hiver
JEAN SKINNY,69.90 TND,Zen,femme,2022,hiver
PULL EN MAILLE,59.90 TND,Zen,femme,2024,automne
COMBINAISON,119.90 TND,Zen,femme,2024,été
CHEMISE,65.90 TND,Zen,homme,2025,automne
SHORT,69.90 TND,Zen,homme,2025,hiver
PULL OVER,59.90 TND,Zen,homme,2024,automne
T-SHIRT,35.90 TND,Zen,homme,2022,printemps
VESTE,83.93 TND,Zen,homme,2025,printemps
POLO,34.93 TND  49.90 TND,Zen,homme,2021,automne
BERMUDA,45.90 TND,Zen,homme,2021,printemps
BODY,39.90 TND,Zen,homme,2021,hiver
JEAN COMFORT SLIM,79.90 TND,Zen,homme,2023,hiver
CEINTURE,49.90 TND,Zen,homme,2021,été
JEAN BOB,79.90 TND,Zen,homme,2023,printemps
PANTALON STRAIGHT,62.93 TND  89.90 TND,Zen,homme,2021,été
VESTE DE COSTUME,209.90 TND,Zen,homme,2022,été
PANTALON DE COSTUME,79.90 TND,Zen,homme,2021,été
VESTE,90.93 TND,Zen,homme,2021,automne
POLO,34.93 TND,Zen,homme,2025,automne
JEAN STRAIGHT FIT,89.90 TND,Zen,homme,2023,automne
JEAN LOOSE FIT,79.90 TND,Zen,homme,2025,automne
JEAN,79.90 TND,Zen,homme,2023,hiver
T SHIRT,34.93 TND  49.90 TND,Zen,homme,2025,hiver
JEAN SLIM FIT,89.90 TND,Zen,homme,2022,printemps
CHEMISE,62.93 TND  89.90 TND,Zen,homme,2022,hiver
BASKET,76.93 TND  109.90 TND,Zen,homme,2025,hiver
JEAN BAGGY,55.93 TND,Zen,homme,2022,automne
SWEAT SHIRT,49.90 TND,Zen,homme,2024,printemps
POLO,55.93 TND  79.90 TND,Zen,homme,2021,été
SWEAT SHIRT,69.90 TND,Zen,homme,2021,été
VESTE,69.93 TND  99.90 TND,Zen,homme,2022,printemps
SWEAT SHIRT,55.93 TND  79.90 TND,Zen,homme,2023,hiver
PULL OVER COL ROULE,55.93 TND,Zen,homme,2025,hiver
SUR CHEMISE,76.93 TND,Zen,homme,2022,hiver
EAU DE PARFUM,79.90 TND,Zen,homme,2022,hiver
PANTALON DE JOGGING,41.93 TND  59.90 TND,Zen,homme,2022,printemps
CARDIGAN,55.93 TND  79.90 TND,Zen,homme,2021,hiver
PULL DE PYJAMA,25.13 TND,Zen,homme,2024,été
PANTALON DE PYJAMA,34.93 TND  49.90 TND,Zen,homme,2025,printemps
PULL OVER,55.93 TND  79.90 TND,Zen,homme,2023,automne
SWEAT SHIRT,55.93 TND,Zen,homme,2021,hiver
JOGGER,55.93 TND  79.90 TND,Zen,homme,2022,printemps
CARDIGAN,55.93 TND,Zen,homme,2025,été
SWEAT,55.93 TND  79.90 TND,Zen,homme,2024,été
JEAN SLIM FIT,62.93 TND,Zen,homme,2025,hiver
SWEAT,48.93 TND  69.90 TND,Zen,homme,2021,hiver
BASKET,109.90 TND,Zen,homme,2023,printemps
BASKET,83.94 TND,Zen,homme,2021,automne
DOUDOUNE,125.93 TND  179.90 TND,Zen,homme,2021,printemps
VESTE DE COSTUME,174.93 TND  249.90 TND,Zen,homme,2021,hiver
PANTALON JOGGER,41.93 TND  59.90 TND,Zen,homme,2021,hiver
SWEAT,62.93 TND,Zen,homme,2025,été
MOCASSIN,159.90 TND,Zen,homme,2022,automne
DERBIES,159.90 TND,Zen,homme,2021,été
GILET,76.93 TND  109.90 TND,Zen,homme,2024,été
JEAN BAGGY,79.90 TND,Zen,homme,2025,automne
SWEAT SHIRT,62.93 TND  89.90 TND,Zen,homme,2021,automne
PULL OVER COL V,55.93 TND  79.90 TND,Zen,homme,2024,automne
SWEAT -SHIRT,48.93 TND,Zen,homme,2024,hiver
SURCHEMISE,69.93 TND  99.90 TND,Zen,homme,2023,hiver
MANTEAU,174.93 TND  249.90 TND,Zen,homme,2023,été
BLAZER,139.93 TND  199.90 TND,Zen,homme,2024,printemps
PULL OVER,55.93 TND,Zen,homme,2024,automne
SURCHEMISE,76.93 TND  109.90 TND,Zen,homme,2023,printemps
T-SHIRT,27.93 TND  39.90 TND,Zen,homme,2023,printemps
MANTEAU,202.93 TND,Zen,homme,2021,printemps
T-SHIRT,45.90 TND,Zen,homme,2022,printemps
VESTE,209.90 TND,Zen,homme,2024,printemps
T-SHIRT,25.13 TND  35.90 TND,Zen,homme,2021,printemps
PANTALON SLIM FIT,62.93 TND  89.90 TND,Zen,homme,2024,hiver
PANTALON SLIM FIT,62.93 TND,Zen,homme,2024,automne
PANTALON COSTUME,79.90 TND,Zen,homme,2021,été
JEAN SLIM,48.93 TND  69.90 TND,Zen,homme,2023,été
BODY,20.93 TND  29.90 TND,Zen,homme,2021,printemps
JEANS,48.93 TND,Zen,homme,2023,été
JEAN CONFORT FIT,48.93 TND  69.90 TND,Zen,homme,2025,hiver
POLO,49.90 TND,Zen,homme,2025,printemps
T SHIRT BODY,25.13 TND  35.90 TND,Zen,homme,2024,hiver
CEINTURE,39.90 TND,Zen,homme,2023,été
SHORT LIN,69.90 TND,Zen,homme,2023,printemps
SHORT,75.90 TND,Zen,homme,2021,été
CHAPEAU EN RAPHIA AVEC BANDE TRESSÉE,49.90 TND,Zen,homme,2025,hiver
TSHIRT,35.90 TND,Zen,homme,2021,automne
BODY,27.93 TND  39.90 TND,Zen,homme,2023,été
PANTACOURT,69.90 TND,Zen,homme,2023,printemps
MOCCASSIN,83.93 TND  119.90 TND,Zen,homme,2025,été
BERMUDA,69.90 TND,Zen,homme,2024,automne
JEAN SLIM FIT,55.93 TND  79.90 TND,Zen,homme,2023,hiver
MULE,69.90 TND,Zen,homme,2025,automne
BODY,25.13 TND  35.90 TND,Zen,homme,2024,hiver
POLO,45.90 TND,Zen,homme,2023,hiver
BODY,27.93 TND,Zen,homme,2021,été
VESTE,199.90 TND,Zen,homme,2022,hiver
CHAPEAU,69.90 TND,Zen,homme,2024,hiver
GILET,55.93 TND,Zen,homme,2021,été
MOCCASSIN,90.93 TND  129.90 TND,Zen,homme,2024,hiver
BLOUSON,90.93 TND  129.90 TND,Zen,homme,2024,été
SURCHEMISE,76.93 TND,Zen,homme,2021,été
JEAN,55.93 TND,Zen,homme,2025,automne
CHEMISE SLIM FIT À CARREAUX HOMME,69.90 TND,Zen,homme,2021,hiver
CHEMISE SLIM FIT,41.93 TND  59.90 TND,Zen,homme,2025,été
GILET,62.93 TND,Zen,homme,2025,hiver
BODY,20.93 TND,Zen,homme,2023,printemps
PANTALON SLIM FIT,55.93 TND  79.90 TND,Zen,homme,2023,automne
JEAN SKINNY HOMME,55.93 TND  79.90 TND,Zen,homme,2024,été
TRICOT DE CORPS  LOT DE 2,29.90 TND,Zen,homme,2023,hiver
SWEAT À CAPUCHE,69.93 TND  99.90 TND,Zen,homme,2024,été
VESTE SANS MANCHES,55.93 TND  79.90 TND,Zen,homme,2022,hiver
PANTALON CHIC SLIM FIT,62.93 TND  89.90 TND,Zen,homme,2024,été
CEINTURE CUIR NOIR,49.90 TND,Zen,homme,2022,automne
CEINTURE EN CUIR,49.90 TND,Zen,homme,2024,automne
PANTALON À CARREAUX HOMME,55.93 TND  79.90 TND,Zen,homme,2021,automne
DOUDOUNE SANS MANCHES HOMME,97.93 TND  139.90 TND,Zen,homme,2024,été
VESTE DENIM,83.93 TND,Zen,homme,2021,été
CEINTURE CUIR,49.90 TND,Zen,homme,2023,hiver
T SHIRT OVERSIZE HOMME,39.90 TND,Zen,homme,2023,été
JEAN STRAIGHT FIT POUR HOMME,62.93 TND  89.90 TND,Zen,homme,2025,été
CHAUSSURE,79.95 TND,Zen,homme,2024,automne
T SHIRT,18.13 TND  25.90 TND,Zen,homme,2022,printemps
MOCASSIN,54.95 TND  109.90 TND,Zen,femme,2021,printemps
BASKET,90.93 TND  129.90 TND,Zen,femme,2022,hiver
BASKET,83.93 TND,Zen,femme,2022,été
ESCARPINS A TALON,53.94 TND  89.90 TND,Zen,femme,2022,hiver
MOCASSIN,55.93 TND  79.90 TND,Zen,femme,2023,hiver
PANTOUFLE POUR FEMME,49.90 TND,Zen,femme,2021,automne
PANTOUFLE,49.90 TND,Zen,femme,2023,hiver
SANDALE,89.90 TND,Zen,femme,2022,automne
TONGS,49.90 TND,Zen,femme,2023,automne
CLAQUETTE,49.90 TND,Zen,homme,2025,printemps
PANTOUFLE À CARREAUX,49.90 TND,Zen,homme,2022,hiver
TONG,49.90 TND,Zen,homme,2022,printemps
MOCCASSIN,83.93 TND,Zen,homme,2022,hiver
MOCASSIN,48.93 TND,Zen,homme,2022,printemps
CHAUSSURE,79.95 TND  159.90 TND,Zen,homme,2021,printemps
