Name,Price,Image URL,Number of Colors,Product Link,category
CLAQUETTE,49.90 TND,https://images.zen.com.tn/uploads/8_U2_A2020_c1111a2d25.JPG,1 Couleurs,https://www.zen.com.tn/fr/produit/5057-claquette,homme
BASKET,129.90 TND,https://images.zen.com.tn/uploads/8_U2_A0914_60e6bc82b9.JPG,2 Couleurs,https://www.zen.com.tn/fr/produit/4801-basket,homme
BASKET,129.90 TND,https://images.zen.com.tn/uploads/8_U2_A0959_aed5cfc82f.JPG,2 Couleurs,https://www.zen.com.tn/fr/produit/4802-basket,homme
BASKET,119.90 TND,https://images.zen.com.tn/uploads/8_U2_A4481_a21e47af52.JPG,2 Couleurs,https://www.zen.com.tn/fr/produit/4908-basket,homme
BASKET,76.93 TND  109.90 TND,https://images.zen.com.tn/medias/folder_04_10_2024/8_U2_A4356_d8dd3611c6.webp,2 Couleurs,https://www.zen.com.tn/fr/produit/3881-basket,homme
PANTOUFLE À CARREAUX,49.90 TND,https://images.zen.com.tn/medias/folder_13_09_2023/8_U2_A4038_42062493d9.webp,1 Couleurs,https://www.zen.com.tn/fr/produit/1456-pantoufle-a-carreaux,homme
TONG,49.90 TND,https://images.zen.com.tn/medias/folder_07_05_2024/8_U2_A0307_d942ff12bd.webp,2 Couleurs,https://www.zen.com.tn/fr/produit/3027-tong,homme
TONG,49.90 TND,https://images.zen.com.tn/medias/folder_07_05_2024/8_U2_A0256_3444b32821.webp,2 Couleurs,https://www.zen.com.tn/fr/produit/3028-tong,homme
TONGS,49.90 TND,https://images.zen.com.tn/medias/folder_07_05_2024/8_U2_A0404_2093ac4aff.webp,2 Couleurs,https://www.zen.com.tn/fr/produit/2940-tongs,homme
TONGS,49.90 TND,https://images.zen.com.tn/medias/folder_01_06_2024/8_U2_A1398_1209746aa7.webp,2 Couleurs,https://www.zen.com.tn/fr/produit/3031-tongs,homme
BASKET,83.94 TND  139.90 TND,https://images.zen.com.tn/medias/folder_08_08_2024/8_U2_A3745_2f8a28b4f6.webp,2 Couleurs,https://www.zen.com.tn/fr/produit/3573-basket,homme
BASKET,119.90 TND,https://images.zen.com.tn/medias/folder_23_03_2024/8_U2_A3270_b1f71d6275.webp,2 Couleurs,https://www.zen.com.tn/fr/produit/2730-basket,homme
BASKET,119.90 TND,https://images.zen.com.tn/medias/folder_23_09_2024/8_U2_A1040_6ca3d36701.webp,2 Couleurs,https://www.zen.com.tn/fr/produit/3785-basket,homme
BASKET,109.90 TND,https://images.zen.com.tn/medias/folder_02_10_2024/8_U2_A4268_694fc970d8.webp,2 Couleurs,https://www.zen.com.tn/fr/produit/3840-basket,homme
BASKET,83.94 TND,https://images.zen.com.tn/medias/folder_23_09_2024/8_U2_A1623_39f2127868.webp,1 Couleurs,https://www.zen.com.tn/fr/produit/3778-basket,homme
MOCASSIN,159.90 TND,https://images.zen.com.tn/medias/folder_23_10_2024/8_U2_A2447_15d67e1199.webp,1 Couleurs,https://www.zen.com.tn/fr/produit/3959-mocassin,homme
DERBIES,159.90 TND,https://images.zen.com.tn/medias/folder_23_10_2024/8_U2_A2472_8808201c0f.webp,1 Couleurs,https://www.zen.com.tn/fr/produit/3960-derbies,homme
MOCCASSIN,83.93 TND,https://images.zen.com.tn/medias/folder_03_04_2024/1_S9_A9141_7e0b64e783.webp,1 Couleurs,https://www.zen.com.tn/fr/produit/2807-moccassin,homme
MULE,69.90 TND,https://images.zen.com.tn/medias/folder_25_05_2024/8_U2_A5802_07411e826d.webp,2 Couleurs,https://www.zen.com.tn/fr/produit/3151-mule,homme
MOCCASSIN,90.93 TND  129.90 TND,https://images.zen.com.tn/medias/folder_03_04_2024/1_S9_A9092_fe9f316b9b.webp,1 Couleurs,https://www.zen.com.tn/fr/produit/2806-moccassin,homme
MOCASSIN,48.93 TND,https://images.zen.com.tn/medias/folder_02_03_2024/8_U2_A2163_2a85efd3ff.webp,1 Couleurs,https://www.zen.com.tn/fr/produit/2550-mocassin,homme
MOCASSIN,48.93 TND  69.90 TND,https://images.zen.com.tn/medias/folder_02_03_2024/8_U2_A2179_f6c4f5f7cc.webp,1 Couleurs,https://www.zen.com.tn/fr/produit/2551-mocassin,homme
CHAUSSURE,79.95 TND  159.90 TND,https://images.zen.com.tn/medias/folder_31_08_2023/MARRON_2_fe16c84db6.webp,2 Couleurs,https://www.zen.com.tn/fr/produit/1374-chaussure,homme
,,,,,homme
